{
  "total": 3,
  "offset": 0,
  "limit": 50,
  "hits": [
    {
      "id": "c2d430e8-1ccf-44c8-8976-36763b572f3e",
      "version": 12,
      "relevance": 0.9871
    },
    {
      "id": "ee8e3533-00d2-43c2-a2f4-57b1eee0f5b4",
      "version": 2,
      "relevance": 0.735654
    },
    {
      "id": "9a9e129c-2ed1-436d-90d9-af60d83490ed",
      "version": 44,
      "relevance": 0.42415
    }
  ]
}
