{
  "results": [
    {
      "id": "e41337a0-ea96-4ddc-a9a4-d267976f21e0",
      "relevance": 0.9264881
    },
    {
      "id": "05cd5998-015c-4232-8943-ff8a1880bcbc",
      "relevance": 0.6989829
    },
    {
      "id": "09c3c5a2-6569-49dd-b021-af5de4cf4b02",
      "relevance": 0.6989829
    }
  ],
  "limit": 100,
  "offset": 0,
  "total": 3
}
